City,Population,LiteracyRate,Graduates,Location,StartupCount,PopulationScore,LiteracyScore,GraduateScore,StartupScore,OpportunityScore
Bengaluru,8425970,89.59,1591163,"12.9716,77.5946",126.0,27.009675162301846,18.135627530364374,14.32746381695501,20.0,79.47276650962124
Greater Mumbai ,12478447,90.28,1802371,"19.0760,72.8777",0.0,40.0,18.275303643724698,16.229264561348536,0.0,74.50456820507324
Delhi ,11007835,87.6,2221137,"28.7041,77.1025",0.0,35.285913383292005,17.732793522267205,20.0,0.0,73.01870690555921
Greater Hyderabad ,6809970,82.96,1164149,"17.3850,78.4867",0.0,21.8295433718635,16.793522267206477,10.482460109394422,0.0,49.1055257484644
Ahmadabad ,5570585,89.62,769858,"23.022505,72.5713621",0.0,17.85666116945482,18.1417004048583,6.932107294597316,0.0,42.93046886891044
Chennai ,4681087,90.33,879695,"13.0826802,80.2707184",0.0,15.005351226799297,18.285425101214575,7.921123280554059,0.0,41.211899608567926
Kolkata ,4486679,87.14,818476,"22.572646,88.363895",0.0,14.382171114722851,17.639676113360323,7.369883082403291,0.0,39.391730310486466
Surat ,4462002,89.03,278795,"21.1702401,72.8310607",0.0,14.30306832252443,18.022267206477732,2.5103809445342633,0.0,34.83571647353642
Pune ,3115431,91.61,656508,"18.5204303,73.8567437",0.0,9.986598492584855,18.544534412955468,5.911458860934737,0.0,34.44259176647506
Jaipur ,3073350,84.34,533148,"26.9124336,75.7872709",0.0,9.851706706772084,17.072874493927127,4.800676410324982,0.0,31.725257611024194
Lucknow ,2815601,84.72,596990,"26.8466937,80.946166",0.0,9.025485302778463,17.149797570850204,5.375535142586882,0.0,31.55081801621555
Kanpur ,2767031,84.14,459611,"26.449923,80.3318736",0.0,8.869792851626489,17.032388663967613,4.138520046264594,0.0,30.040701561858697
Nagpur ,2405421,93.13,382282,"21.1458004,79.0881546",0.0,7.710642197702967,18.852226720647774,3.4422190076523873,0.0,30.005087926003128
Indore ,1960631,87.38,313525,"22.7195687,75.8577258",0.0,6.284855799764185,17.68825910931174,2.8231036626736667,0.0,26.79621857174959
Vadodara ,1666703,92.37,279959,"22.3071588,73.1812187",0.0,5.342661630890446,18.69838056680162,2.5208620629884604,0.0,26.561904260680528
Thane ,1818872,91.36,241148,"19.2183307,72.9780897",0.0,5.8304434838726324,18.493927125506072,2.171392399478285,0.0,26.49576300885699
Pimpri Chinchwad ,1729359,90.9,249581,"18.6297811,73.7997094",0.0,5.543507136745463,18.40080971659919,2.2473264818874297,0.0,26.191643335232083
Bhopal ,1795648,85.24,282813,"23.2599333,77.412615",0.0,5.755998322547669,17.25506072874494,2.5465606128752976,0.0,25.557619664167905
Patna ,1683200,84.71,307603,"25.5940947,85.1375645",0.0,5.395543211426871,17.147773279352226,2.769779621878344,0.0,25.31309611265744
Nashik ,1486973,90.96,204014,"19.9974533,73.7898023",0.0,4.766532245559083,18.412955465587043,1.8370231102358836,0.0,25.01651082138201
Visakhapatnam,1730320,82.66,250549,"17.6868,83.2185",0.0,5.546587648286682,16.732793522267208,2.2560427384713324,0.0,24.535423909025223
Ludhiana ,1613878,85.38,211267,"30.900965,75.8572758",0.0,5.173329661936297,17.283400809716596,1.9023320038340725,0.0,24.359062475486965
Navi Mumbai ,1119477,91.57,192624,"19.0330488,73.0296625",0.0,3.5885138591364774,18.536437246963562,1.7344630250182678,0.0,23.859414131118307
Faridabad ,1404653,84.88,219974,"28.4089123,77.3177894",0.0,4.5026532548481395,17.182186234817813,1.98073329110271,0.0,23.665572780768663
Vasai Virar City ,1221233,91.15,129954,"19.3919275,72.8397317",0.0,3.9146954745249953,18.451417004048587,1.170157446388944,0.0,23.53626992496253
Coimbatore ,1061447,91.74,168145,"11.0168445,76.9558321",0.0,3.4024971216370115,18.57085020242915,1.5140443835747186,0.0,23.487391707640878
Rajkot ,1286995,88.82,148048,"22.3038945,70.8021599",0.0,4.125497347546533,17.979757085020243,1.333083011088465,0.0,23.43833744365524
Bhubaneswar Town ,837737,93.15,200788,"20.2960587,85.8245398",0.0,2.685388654533693,18.856275303643727,1.8079749245544061,0.0,23.349638882731824
Aurangabad ,1171330,89.13,159308,"19.8761653,75.3433139",0.0,3.7547300557513283,18.04251012145749,1.4344725246574164,0.0,23.231712701866233
Allahabad ,1117094,86.5,233129,"25.4358011,81.846311",0.0,3.5808750880618394,17.51012145748988,2.0991861375502725,0.0,23.19018268310199
Guwahati ,963429,91.11,184065,"26.1445169,91.7362365",0.0,3.0882977665409808,18.44331983805668,1.657394388549648,0.0,23.18901199314731
Ranchi ,1073440,88.49,200849,"23.3440997,85.309562",0.0,3.4409410081238474,17.912955465587043,1.8085241927895488,0.0,23.162420666500438
Haora ,1072161,89.86,151490,"22.5957689,88.2636394",0.0,3.4368411389654496,18.19028340080972,1.3640761465861853,0.0,22.991200686361353
Madurai ,1016885,91.42,129719,"9.9252007,78.1197754",0.0,3.2596524230939954,18.506072874493928,1.1680414130240504,0.0,22.933766710611973
Jabalpur ,1054336,88.9,169711,"23.181467,79.9864071",0.0,3.3797026184428236,17.99595141700405,1.5281452697424789,0.0,22.903799305189352
Thiruvananthapuram ,752490,93.72,151257,"8.5241391,76.9366376",0.0,2.4121270860067763,18.97165991902834,1.3619781220158864,0.0,22.745765127051005
Kochi ,601574,97.49,115773,"9.9312328,76.2673041",0.0,1.9283617584784387,19.734817813765183,1.0424660883142283,0.0,22.70564566055785
Mira Bhayander ,814655,93.67,118506,"19.2952325,72.8543897",0.0,2.611398678056652,18.961538461538463,1.0670751061280777,0.0,22.64001224572319
Gurgaon ,876824,86.3,233817,"28.4594965,77.0266383",0.0,2.8106830922149206,17.469635627530366,2.1053811628908976,0.0,22.38569988263618
Chandigarh ,960787,86.77,189312,"30.7333148,76.7794179",0.0,3.0798287639479494,17.56477732793522,1.704640461169212,0.0,22.34924655305238
Tiruchirappalli ,846915,91.32,123329,"10.7904833,78.7046725",0.0,2.7148089822395365,18.48582995951417,1.1105033142935352,0.0,22.31114225604724
Amritsar ,1132761,85.27,140359,"31.6339793,74.8722642",0.0,3.6310960811068878,17.261133603238864,1.2638482002686011,0.0,22.15607788461435
Raipur ,1010087,86.9,147194,"21.2513844,81.6296413",0.0,3.2378612498814956,17.59109311740891,1.325393255796468,0.0,22.154347623086874
Gwalior ,1053505,85.2,169264,"26.2182871,78.1828308",0.0,3.3770388254243495,17.246963562753038,1.5241203041505318,0.0,22.14812269232792
Mysore ,887446,86.84,149306,"12.2958104,76.6393805",0.0,2.844732201050339,17.578947368421055,1.3444105428886197,0.0,21.768090112360014
Amravati ,646801,93.03,91996,"20.9374238,77.7795513",0.0,2.0733381325416538,18.831983805668017,0.8283685337734682,0.0,21.733690471983138
Hubli-Dharwad ,943857,87.28,113864,"15.3647083,75.1239547",0.0,3.0255591901780727,17.668016194331983,1.0252766938734532,0.0,21.71885207838351
Varanasi ,1201815,80.12,172622,"25.3176452,82.9739144",0.0,3.8524505493351855,16.21862348178138,1.5543570702752691,0.0,21.625431101391833
Kozhikode ,432097,96.8,61225,"11.2587531,75.78041",0.0,1.3850986424833154,19.59514170040486,0.5512942245345515,0.0,21.531534567422725
Meerut ,1309023,77.7,174025,"28.9844618,77.7064137",0.0,4.196108698462236,15.728744939271255,1.5669902396835496,0.0,21.49184387741704
Cuttack ,606007,91.17,110147,"20.462521,85.8829895",0.0,1.9425718601040658,18.455465587044536,0.9918073491189422,0.0,21.389844796267546
Kota ,1001365,83.65,128652,"25.2138156,75.8647527",0.0,3.2099026425323602,16.933198380566804,1.158433721107703,0.0,21.301534744206865
Vijayawada ,1048240,82.59,135425,"16.5061743,80.6480153",0.0,3.3601617252531506,16.71862348178138,1.2194205040031298,0.0,21.298205711037657
Mangalore ,484785,94.03,78097,"12.9141417,74.8559568",0.0,1.553991454225033,19.034412955465587,0.703216415736625,0.0,21.291620825427245
Noida ,642381,88.58,143014,"28.5355161,77.3910265",0.0,2.059169702768301,17.931174089068826,1.287754875093252,0.0,21.27809866693038
Kolhapur ,549283,92.12,92443,"16.7049873,74.2432527",0.0,1.7607415409946445,18.64777327935223,0.8323934993654152,0.0,21.24090831971229
Jalandhar ,862196,85.5,128924,"31.3260152,75.5761829",0.0,2.76379264182474,17.307692307692307,1.1608829171726012,0.0,21.232367866689646
Thrissur ,315596,97.24,53535,"10.5276416,76.2144349",0.0,1.011651530034146,19.684210526315788,0.4820504093173902,0.0,21.177912465667326
Aizawl ,291822,98.8,26832,"23.727107,92.7176389",0.0,0.9354433288052593,20.0,0.24160598828437868,0.0,21.17704931708964
Ambattur ,478134,92.69,97186,"13.1143167,80.1480551",0.0,1.5326714934959453,18.763157894736842,0.875101355747079,0.0,21.17093074397987
Dehradun ,578420,89.32,136036,"30.3164945,78.0321918",0.0,1.854140984050339,18.080971659919026,1.2249221907518537,0.0,21.16003483472122
Jodhpur ,1033918,81.56,140922,"26.2389469,73.0243094",0.0,3.3142521661549713,16.51012145748988,1.2689176759470489,0.0,21.0932912995919
South Dum Dum ,410524,92.82,102942,"22.6059435,88.3967536",0.0,1.3159458063972225,18.789473684210524,0.9269306665910297,0.0,21.032350157198778
Dhanbad ,1161561,80.78,104768,"23.7956531,86.4303859",0.0,3.7234152615305414,16.352226720647774,0.943372696056119,0.0,21.019014678234434
Jammu ,503690,89.66,121564,"32.7266016,74.8570259",0.0,1.6145919440135459,18.1497975708502,1.0946105530635886,0.0,20.859000067927337
Solapur ,951118,83.88,88638,"17.6599188,75.9063906",0.0,3.048834522436967,16.979757085020243,0.7981317676487312,0.0,20.82672337510594
Agartala ,399688,93.88,52711,"23.831457,91.2867777",0.0,1.2812107147628227,19.004048582995953,0.47463078594431596,0.0,20.75989008370309
Jamshedpur ,629659,87.5,110962,"22.8045665,86.2028754",0.0,2.0183889870269915,17.71255060728745,0.9991459329163397,0.0,20.73008552723078
Salem ,831038,84.8,93297,"11.664325,78.1460142",0.0,2.6639148285038994,17.16599190283401,0.840083254657412,0.0,20.66998998599532
Gorakhpur ,671048,85.97,123723,"26.7605545,83.3731675",0.0,2.151062548087915,17.402834008097166,1.1140510468287188,0.0,20.6679476030138
Udaipur ,451735,90.66,92090,"24.585445,73.712479",0.0,1.4480487836346942,18.352226720647774,0.8292149471194257,0.0,20.629490451401892
Panihati ,383522,92.78,58667,"22.6983108,88.3991789",0.0,1.229390163695851,18.781376518218625,0.5282609762477506,0.0,20.539027658162226
Tirunelveli ,474838,90.98,59397,"8.7139126,77.7566523",0.0,1.5221060761807939,18.417004048582996,0.5348341862748673,0.0,20.473944311038657
Belgaum ,488292,90.49,64200,"15.8496953,74.4976741",0.0,1.5652332377578717,18.317813765182184,0.5780823064943765,0.0,20.461129309434433
Rajpur Sonarpur ,423806,91.06,68707,"22.4490894,88.3914731",0.0,1.3585216173134365,18.4331983805668,0.6186651251138493,0.0,20.410385122994086
Bhilai Nagar ,625697,87.23,81620,"21.1938475,81.3509416",0.0,2.0056886886645433,17.657894736842106,0.7349389074154364,0.0,20.398522332922088
Rajarhat Gopalpur ,404991,90.91,73182,"22.6321975,88.4540911",0.0,1.2982096249637476,18.402834008097166,0.6589598030198047,0.0,20.360003436080717
Nagercoil ,224329,95.35,34342,"8.1832857,77.4118996",0.0,0.7190926883770071,19.30161943319838,0.30922901198800434,0.0,20.32994113356339
Durgapur ,566937,87.84,80060,"23.5204443,87.3119227",0.0,1.8173319163835049,17.781376518218625,0.7208920476314608,0.0,20.319600482233593
Akola ,427146,91.34,49715,"20.7059345,77.0219019",0.0,1.3692280778209018,18.489878542510123,0.447653611641245,0.0,20.30676023197227
Alappuzha ,174164,96.56,22263,"9.4980667,76.3388484",0.0,0.5582874215036535,19.546558704453442,0.20046489703246578,0.0,20.30531102298956
Alandur ,164162,95.15,45971,"12.9974873,80.2006371",0.0,0.5262257394690221,19.261133603238868,0.4139411481597038,0.0,20.201300490867595
Thoothukkudi ,237374,94.47,31795,"8.7641661,78.1348361",0.0,0.7609087893709849,19.12348178137652,0.2862948120714751,0.0,20.170685382818977
Ajmer ,542580,87.53,77989,"26.4498954,74.6399163",0.0,1.7392548928564588,17.71862348178138,0.7022439408285036,0.0,20.16012231546634
Kollam ,349033,92.1,39521,"8.8932118,76.6141396",0.0,1.1188347396114275,18.643724696356273,0.35586278559134354,0.0,20.118422221559044
Ahmadnagar ,350905,91.49,51661,"19.0952075,74.7495916",0.0,1.1248354863389651,18.520242914979757,0.46517616878202467,0.0,20.11025457010075
Gandhinagar ,208299,93.7,52343,"23.2156354,72.6369415",0.0,0.6677080889953693,18.96761133603239,0.4713171677388653,0.0,20.106636592766623
Shimla ,169758,94.67,43353,"31.1048145,77.1734033",0.0,0.5441638691096737,19.163967611336034,0.39036763603505775,0.0,20.098499116480767
Ulhasnagar ,506937,89.21,43561,"19.2215115,73.1644628",0.0,1.6250002905008933,18.058704453441294,0.3922405506729211,0.0,20.075945294615106
Pallavaram ,216308,93.26,50503,"12.9673484,80.1526888",0.0,0.6933811555236,18.87854251012146,0.45474907671161213,0.0,20.02667274235667
Warangal ,620116,84.16,109613,"17.9689008,79.5940544",0.0,1.987798641930362,17.036437246963562,0.9869990009621199,0.0,20.01123488985604
Sangli Miraj Kupwad ,502697,88.08,60752,"16.8541887,74.6049061",0.0,1.6114088556051887,17.82995951417004,0.5470351446128717,0.0,19.988403514388096
Imphal ,264986,91.7,63915,"24.8170111,93.9368439",0.0,0.849419803602163,18.562753036437247,0.5755160532646117,0.0,19.98768889330402
Jalgaon ,460468,88.96,55315,"21.0076578,75.5626039",0.0,1.4760426517819083,18.008097165991902,0.4980782365067981,0.0,19.98221805428061
Nanded Waghala ,550564,87.4,57736,"19.1428869,77.303723",0.0,1.7648478212072383,17.692307692307693,0.5198778823638524,0.0,19.977033395878784
Baranagar ,248466,92.46,49711,"22.6383016,88.3654386",0.0,0.7964644959424838,18.7165991902834,0.44761759405205537,0.0,19.96068128027794
Panvel ,180464,93.98,39613,"18.9894007,73.1175162",0.0,0.5784822422213277,19.02429149797571,0.35669119014270617,0.0,19.959464930339742
Khardaha ,111130,95.5,21522,"22.7002943,88.3753455",0.0,0.35623022640557755,19.331983805668017,0.19379263863507745,0.0,19.882006670708673
Anand ,197351,93.71,29803,"22.5645175,72.928871",0.0,0.6326139783259888,18.969635627530362,0.26835805265501406,0.0,19.870607658511364
S.A.S. Nagar ,146104,93.22,57323,"30.6496486,76.7567368",0.0,0.468340331132552,18.870445344129553,0.5161590662800178,0.0,19.854944741542123
Tambaram ,176807,93.72,35148,"12.9229153,80.1274558",0.0,0.5667596296237825,18.97165991902834,0.316486556209725,0.0,19.854906104861847
North Barrackpur ,134825,94.78,23047,"22.7902358,88.367179",0.0,0.43218519099371905,19.186234817813766,0.20752434451364324,0.0,19.825944353321127
Brahmapur Town ,355823,90.04,50782,"19.3149618,84.7940911",0.0,1.1406002686071433,18.22672064777328,0.45726130355759237,0.0,19.82458221993802
North Dum Dum ,253625,91.98,40842,"22.6658076,88.4258483",0.0,0.8130018102412905,18.61943319838057,0.36775759442123557,0.0,19.800192603043094
New Delhi ,249998,90.93,63573,"28.6139,77.2090",0.0,0.8013753634566866,18.40688259109312,0.5724365493888941,0.0,19.780694503938697
Chandrapur ,321036,90.81,37686,"19.9704597,79.3014845",0.0,1.029089597447503,18.382591093117412,0.33933971655057743,0.0,19.75102040711549
Dhule ,376093,89.86,38164,"20.9042201,74.7748979",0.0,1.2055763028844855,18.19028340080972,0.3436438184587443,0.0,19.739503522152948
Bhavnagar ,593768,85.62,51875,"21.7644725,72.1519304",0.0,1.903339413951111,17.331983805668017,0.46710310980367264,0.0,19.702426329422803
Ozhukarai ,300028,90.2,50682,"11.9475611,79.7793932",0.0,0.9617478841718043,18.25910931174089,0.45636086382785035,0.0,19.677218059740543
Palakkad ,131019,94.2,16827,"10.7867303,76.6547932",0.0,0.41998495485856535,19.068825910931174,0.15151699332368962,0.0,19.64032785911343
Bilaspur ,330106,88.76,67396,"22.0796251,82.1391412",0.0,1.0581637282267577,17.96761133603239,0.6068603602569315,0.0,19.63263542451608
Ujjain ,515215,85.55,72743,"23.1793013,75.7849097",0.0,1.6515356438184976,17.317813765182187,0.6550068726062372,0.0,19.62435628160692
Barasat ,283443,90.42,45516,"22.7228159,88.480552",0.0,0.9085842172507524,18.303643724696357,0.40984414738937763,0.0,19.622072089336488
Udupi ,125350,93.89,22444,"13.3408807,74.7421427",0.0,0.4018128217397566,19.006072874493928,0.20209469294329888,0.0,19.609980389176982
Bidhan Nagar ,218323,90.44,65863,"22.5867296,88.4170988",0.0,0.6998402926261578,18.307692307692307,0.5930566191999863,0.0,19.60058921951845
Darjiling ,120414,94.18,16319,"27.0360066,88.2626751",0.0,0.3859903399838137,19.064777327935225,0.14694275949660018,0.0,19.597710427415638
Asansol ,564491,84.82,65625,"23.6739452,86.9523954",0.0,1.8094911971016905,17.170040485829958,0.5909135726432003,0.0,19.570445255574846
Agra ,1574542,63.44,185813,"27.1766701,78.0080745",0.0,5.0472370480076565,12.842105263157894,1.6731340750255388,0.0,19.562476386191086
Patiala ,405164,86.36,86697,"30.3397809,76.3868797",0.0,1.298764181151709,17.48178137651822,0.7806542324944387,0.0,19.56119979016437
Gondiya ,132889,93.7,18563,"21.4624491,80.2209773",0.0,0.42597929053190675,18.96761133603239,0.16714862703201108,0.0,19.560739253596306
Wardha ,105543,94.05,19363,"20.745319,78.6021946",0.0,0.33832094650880834,19.038461538461537,0.17435214486994724,0.0,19.55113462984029
Thanjavur ,222619,91.48,33652,"10.7869994,79.1378274",0.0,0.7136112370393527,18.518218623481783,0.3030159778527844,0.0,19.53484583837392
Dum Dum ,117637,93.51,25287,"22.6470514,88.431683",0.0,0.3770885912325468,18.92914979757085,0.2276941944598645,0.0,19.53393258326326
Hinganghat ,100416,94.34,11256,"20.5505728,78.8411405",0.0,0.32188620907713916,19.097165991902834,0.10135349597976172,0.0,19.520405696959735
Siliguri ,509709,85.46,65003,"26.7271012,88.3952861",0.0,1.6338860116166698,17.299595141700404,0.5853128375242049,0.0,19.51879399084128
Avadi ,344701,88.63,51647,"13.1067448,80.0969511",0.0,1.104948396222703,17.941295546558706,0.46505010721986084,0.0,19.51129405000127
Barddhaman ,314638,89.07,52387,"23.2324214,87.8614793",0.0,1.0085806350742204,18.030364372469634,0.4717133612199518,0.0,19.510658368763806
Sagar ,273357,90.23,39717,"23.838805,78.7378068",0.0,0.8762532709398854,18.265182186234817,0.3576276474616379,0.0,19.49906310463634
Badlapur ,175516,92.38,25115,"19.1667854,73.2367896",0.0,0.5626212941402083,18.700404858299596,0.22614543812470822,0.0,19.48917159056451
Tiruppur ,444543,87.67,33358,"11.1085242,77.3410656",0.0,1.4249946327455651,17.746963562753038,0.3003686850473429,0.0,19.472326880545946
Hugli-Chinsurah ,177209,91.94,31236,"22.8858771,88.3919026",0.0,0.568048251517196,18.611336032388664,0.28126135398221724,0.0,19.460645637888078
Nagaon ,116355,93.43,15273,"26.3463713,92.6840426",0.0,0.372979105492855,18.912955465587046,0.13752415992349865,0.0,19.4234587310034
Srinagar ,1192792,70.98,135783,"34.0836708,74.7972825",0.0,3.8235270783295388,14.368421052631579,1.2226440782356065,0.0,19.414592209196723
Satara ,120079,92.91,22292,"17.6804639,74.018261",0.0,0.3849164884059691,18.807692307692307,0.20072602455409097,0.0,19.393334820652367
Kamarhati ,336579,88.22,50367,"22.6846668,88.3706491",0.0,1.0789131051323935,17.858299595141702,0.453524478679163,0.0,19.39073717895326
Shillong ,143007,92.34,25113,"25.5714,91.8848",0.0,0.45841281370991116,18.692307692307693,0.22612742933011337,0.0,19.37684793534772
Guntur ,651382,81.11,94432,"16.3066525,80.4365402",0.0,2.0880226521777914,16.41902834008097,0.8503032455899839,0.0,19.357354237848746
Gaya ,463454,85.74,56679,"24.7954523,84.999431",0.0,1.4856143556966663,17.356275303643724,0.5103602344204793,0.0,19.352249893760867
Silchar ,172709,91.74,22274,"24.8332708,92.7789054",0.0,0.5536233795760002,18.57085020242915,0.20056394540273745,0.0,19.325037527407886
Valsad ,114987,92.7,18980,"20.5992349,72.9342451",0.0,0.36859394442273147,18.765182186234817,0.1709034607050353,0.0,19.304679591362582
Jhansi ,507293,83.81,78757,"25.4484257,78.5684594",0.0,1.6261414581477966,16.965587044534413,0.7091593179529223,0.0,19.300887820635133
Junagadh ,320250,88.63,36910,"21.522184,70.4578768",0.0,1.0265700531484407,17.941295546558706,0.3323523042477794,0.0,19.300217903954927
Uttarpara Kotrung ,162386,91.16,35773,"22.6768451,88.3385053",0.0,0.5205327233428968,18.453441295546558,0.3221143045206126,0.0,19.296088323410068
Balurghat ,151183,91.85,23732,"25.2372834,88.7830612",0.0,0.48462120326351504,18.593117408906885,0.21369235666237607,0.0,19.291430968832778
Malegaon ,471006,86.66,22830,"20.5547497,74.5100291",0.0,1.5098224963410911,17.54251012145749,0.20557039030010305,0.0,19.257903008098683
Mahesana ,184133,90.99,27191,"23.5879607,72.3693252",0.0,0.5902433211440494,18.41902834008097,0.24483856691415254,0.0,19.254110228139172
Gulbarga ,532031,83.71,65039,"17.329731,76.8342957",0.0,1.7054397874991976,16.945344129554655,0.5856369958269121,0.0,19.236420912880767
Ashoknagar Kalyangarh ,123906,92.45,11992,"22.84039,88.6241351",0.0,0.3971840406101817,18.714574898785425,0.10798073239066298,0.0,19.219739671786268
Dindigul ,207225,90.55,23327,"10.3673123,77.9802906",0.0,0.6642653528920706,18.32995951417004,0.21004557575692087,0.0,19.20427044281903
Navi Mumbai Panvel Raigarh ,194999,90.72,22631,"18.9894007,73.1175162",0.0,0.6250745785913904,18.36437246963563,0.20377851523791646,0.0,19.19322556346494
Baharampur ,195363,90.29,32154,"24.0988265,88.2679264",0.0,0.6262413904550783,18.277327935222672,0.289527390701249,0.0,19.193096716379
Puducherry ,241773,89.29,37830,"11.9138598,79.8144722",0.0,0.7750099030752786,18.074898785425102,0.340636349761406,0.0,19.19054503826179
Shimoga ,322428,88.02,37463,"13.9299299,75.568101",0.0,1.0335516911679794,17.817813765182187,0.33733173595325283,0.0,19.18869719230342
Pudukkottai ,117215,92.19,15104,"10.379663,78.8208454",0.0,0.3757358587971724,18.661943319838056,0.13600241678023461,0.0,19.17368159541546
Kumbakonam ,140113,91.7,16862,"10.9616945,79.3881132",0.0,0.4491360182881732,18.562753036437247,0.15183214722909932,0.0,19.16372120195452
Chandannagar ,166949,90.62,30933,"22.8647723,88.36326",0.0,0.5351595434912694,18.344129554655872,0.2785330216010989,0.0,19.15782211974824
Nellore ,505258,83.59,67787,"14.4425987,79.986456",0.0,1.6196182105032784,16.92105263157895,0.6103810796002228,0.0,19.151051921682452
Tirupati ,287035,87.55,55454,"13.6287557,79.4191795",0.0,0.9200984705869247,17.722672064777328,0.4993298477311395,0.0,19.142100383095393
Madhyamgram ,198964,90.16,27584,"22.6925015,88.465448",0.0,0.637784493535133,18.251012145748987,0.24837729505203868,0.0,19.137173934336158
Alwar ,315310,86.78,58764,"27.5529907,76.6345735",0.0,1.0107347492841057,17.5668016194332,0.5291344027856003,0.0,19.106670771502905
Latur ,382754,86.43,42355,"18.4087934,76.5603828",0.0,1.2269283188845534,17.49595141700405,0.38138124753223235,0.0,19.104260983420836
Naihati ,221762,89.79,23181,"22.8928724,88.4220324",0.0,0.7108641003163295,18.17611336032389,0.20873093375149754,0.0,19.095708394391714
Krishnanagar ,152203,90.92,21326,"23.4008744,88.5013962",0.0,0.48789084090351953,18.40485829959514,0.19202777676478308,0.0,19.084776917263444
Yavatmal ,116714,91.81,13511,"20.3887937,78.1204073",0.0,0.37412988972105266,18.58502024291498,0.12165841188544425,0.0,19.080808544521478
Ambarnath ,254003,89.04,26596,"19.1825167,73.1926023",0.0,0.8142134994843508,18.02429149797571,0.23948095052218754,0.0,19.07798594798225
Serampore ,183339,89.99,30060,"22.748331,88.3385053",0.0,0.5876981326282028,18.2165991902834,0.2706721827604511,0.0,19.07496950567205
Bhusawal ,187750,90.37,19815,"21.0455204,75.8010962",0.0,0.6018377126576728,18.29352226720648,0.17842213244838118,0.0,19.073782112312536
Bokaro Steel City ,413934,84.94,61034,"23.6692956,86.151112",0.0,1.3268766538015508,17.194331983805668,0.5495743846507442,0.0,19.070783022257963
Achalpur ,112293,91.99,8863,"21.257584,77.5086754",0.0,0.35995825442060214,18.62145748987854,0.07980597324703519,0.0,19.061221717546175
Sonipat ,277053,87.56,46858,"28.9287735,77.091281",0.0,0.8881008990942543,17.724696356275306,0.4219280485625155,0.0,19.034725303932078
Raurkela Town ,273217,87.95,38314,"22.260423,84.8535844",0.0,0.8758044971461593,17.803643724696357,0.34499447805335737,0.0,19.024442699895875
Panchkula ,210175,87.86,62655,"30.6942091,76.860565",0.0,0.673721657831299,17.785425101214575,0.5641705126698624,0.0,19.023317271715733
Medinipur ,169127,90.01,28498,"22.4308892,87.3214908",0.0,0.5421411815108081,18.220647773279353,0.25660731418188076,0.0,19.01939626897204
Roorkee ,118188,90.7,30594,"29.8542626,77.8880002",0.0,0.3788548366635688,18.360323886639677,0.2754805309172734,0.0,19.01465925422052
Durg ,268679,87.94,38428,"21.1904494,81.2849169",0.0,0.8612578151752377,17.801619433198383,0.3460209793452632,0.0,19.00889822771888
Bhiwandi ,711329,81.53,24688,"19.2812547,73.0482912",0.0,2.2801843851242065,16.504048582995953,0.2223005604787098,0.0,19.00653352859887
Habra ,149675,90.85,13824,"22.8488542,88.6639591",0.0,0.47978726839966546,18.39068825910931,0.12447678823953678,0.0,18.994952315748513
Chhindwara ,138266,90.37,28233,"22.057437,78.9381729",0.0,0.4432154097380868,18.29352226720648,0.25422114889806435,0.0,18.990958825842633
Puri ,201026,89.38,27062,"19.8133822,85.8314655",0.0,0.6443942904112988,18.09311740890688,0.24367699966278533,0.0,18.981188698980965
Delhi Cantonment ,116352,91.11,17317,"28.5961279,77.1587375",0.0,0.3729694889115609,18.44331983805668,0.15592914799942553,0.0,18.97221847496767
Jalpaiguri ,107351,91.11,20252,"26.5434772,88.7205256",0.0,0.3441165395020711,18.44331983805668,0.1823570540673538,0.0,18.969793431626105
Ratlam ,264810,87.88,36589,"23.3341696,75.0376325",0.0,0.8488556308329074,17.789473684210527,0.3294618927153075,0.0,18.967791207758744
Davanagere ,435128,84.89,40740,"14.4663438,75.9238397",0.0,1.3948145951174853,17.18421052631579,0.3668391458968988,0.0,18.945864267330176
Hassan ,133723,90.51,21042,"13.0068142,76.0995519",0.0,0.42865270013167506,18.32186234817814,0.18947052793231572,0.0,18.93998557624213
Seoni ,102377,91.16,16335,"22.0868691,79.5434841",0.0,0.3281722477164025,18.453441295546558,0.14708682985335889,0.0,18.928700373116317
Hazaribag ,142494,89.95,28889,"23.9966213,85.3691068",0.0,0.45676837830861483,18.208502024291498,0.260128033525172,0.0,18.925398436125285
Muzaffarpur ,351838,85.16,61914,"26.1208876,85.3647201",0.0,1.1278262431214396,17.238866396761136,0.5574982542724739,0.0,18.92419089415505
Neyveli ,105687,90.98,18507,"11.5432364,79.4760133",0.0,0.33878254241092665,18.417004048582996,0.16664438078335553,0.0,18.922430971777278
Karaikkudi ,106793,91.25,11778,"10.0731315,78.7801544",0.0,0.34232785538136273,18.47165991902834,0.10605379136901505,0.0,18.920041565778718
Ichalkaranji ,287570,87.85,22644,"16.7090008,74.4560807",0.0,0.9218134275843781,17.7834008097166,0.2038955724027829,0.0,18.90910980970376
Bikaner ,647804,79.86,73369,"28.0229348,73.3119159",0.0,2.076553276220991,16.16599190283401,0.6606436253144222,0.0,18.90318880436942
Kanchrapara ,122181,90.8,13808,"22.944101,88.4335019",0.0,0.3916545063660566,18.380566801619434,0.12433271788277805,0.0,18.89655402586827
Bhatpara ,390467,85.86,29055,"22.8562412,88.406454",0.0,1.2516525493917632,17.380566801619434,0.2616227634765438,0.0,18.893842114487743
Rewa ,235422,87.74,41109,"24.5372927,81.30418",0.0,0.7546516004756041,17.761133603238864,0.37016176849964677,0.0,18.885946972214114
Tiruvottiyur ,248059,88.21,25781,"13.1691914,80.3045793",0.0,0.7951598464135802,17.856275303643724,0.23214236672479005,0.0,18.883577516782093
Jamnagar ,529308,82.58,52049,"22.4707019,70.05773",0.0,1.6967111372112251,16.7165991902834,0.4686698749334237,0.0,18.881980202428046
Karnal ,286974,86.32,52911,"29.6856929,76.9904825",0.0,0.9199029334339441,17.473684210526315,0.4764316654037999,0.0,18.870018809364062
Karimnagar ,260899,86.75,52034,"18.4385553,79.1288412",0.0,0.8363188143524591,17.560728744939272,0.46853480897396244,0.0,18.865582368265695
Modinagar ,130161,90.0,24695,"28.8316307,77.5779592",0.0,0.41723461260844397,18.21862348178138,0.22236359125979172,0.0,18.858221685649614
Barrackpur ,154475,89.33,29910,"22.7674278,88.3883455",0.0,0.49517379847027443,18.082995951417004,0.2693215231658381,0.0,18.84749127305312
Secunderabad ,213698,87.75,42492,"17.4399295,78.4982741",0.0,0.6850147297977063,17.763157894736842,0.3826148499619789,0.0,18.83078747449653
Haldia ,200762,89.06,17487,"22.0666742,88.0698118",0.0,0.6435480312574153,18.02834008097166,0.15745989553998696,0.0,18.829348007769063
Kurichi ,125800,90.42,13160,"11.5707716,77.6966143",0.0,0.4032553089338761,18.303643724696357,0.11849786843404977,0.0,18.825396902064284
Madavaram ,118525,90.27,18525,"13.147819,80.2309861",0.0,0.3799350992956094,18.273279352226723,0.1668064599347091,0.0,18.82002091145704
Hoshiarpur ,168443,89.11,26629,"31.5143178,75.911483",0.0,0.5399486009757464,18.03846153846154,0.2397780956330024,0.0,18.81818823507029
Nadiad ,218150,88.28,27432,"22.6915853,72.8633635",0.0,0.6992857364381961,17.870445344129557,0.24700862666283077,0.0,18.81673970723058
Rohtak ,373133,84.08,65881,"28.8955152,76.606611",0.0,1.1960879426742768,17.020242914979757,0.5932186983513399,0.0,18.809549556005376
Dibrugarh ,138661,89.77,20878,"27.4728327,94.9119621",0.0,0.444481592941814,18.172064777327932,0.1879938067755388,0.0,18.804540177045283
Ambala ,196216,88.23,34943,"30.3781788,76.7766974",0.0,0.6289757050697093,17.860323886639677,0.3146406547637539,0.0,18.80394024647314
Tumkur ,305821,85.97,42163,"13.3709627,76.6412712",0.0,0.9803175026507706,17.402834008097166,0.3796524032511277,0.0,18.762803913999065
Saharanpur ,703345,77.94,80749,"29.967079,77.5510172",0.0,2.254591456773427,15.777327935222672,0.7270960773693834,0.0,18.759015469365483
Betul ,103341,90.27,17125,"21.9108031,77.9011842",0.0,0.3312623758389165,18.273279352226723,0.15420030371832083,0.0,18.75874203178396
Navsari ,160100,89.25,17425,"20.9467019,72.9520348",0.0,0.5132048883967693,18.0668016194332,0.15690162290754692,0.0,18.736908130737515
Bally City,115715,90.14,12354,"22.6500518,88.3423199",0.0,0.3709275681501072,18.246963562753038,0.11124032421232909,0.0,18.729131455115475
Robertson Pet ,146428,89.6,13400,"12.9551189,78.2698622",0.0,0.4693789219123181,18.13765182186235,0.12065892378543061,0.0,18.7276896675601
Bongaon ,110668,90.25,10286,"23.0440381,88.827703",0.0,0.35474927288628144,18.26923076923077,0.09261923060126412,0.0,18.716599272718316
Satna ,280248,86.33,37695,"24.6005075,80.8322428",0.0,0.8983425581725034,17.475708502024293,0.3394207561262542,0.0,18.713471816323054
Chikmagalur ,118496,89.79,13204,"13.315258,75.7754018",0.0,0.3798421390097662,18.17611336032389,0.11889406191513627,0.0,18.67484956124879
Cuddalore ,173361,88.54,21572,"11.744699,79.7680243",0.0,0.5557133832439245,17.923076923076923,0.19424285849994843,0.0,18.673033164820794
Bidar ,211944,87.65,25910,"17.9148799,77.5046101",0.0,0.679392235267738,17.74291497975709,0.23330393397615726,0.0,18.655611149000983
Murwara ,221875,87.42,27011,"23.7473807,80.365865",0.0,0.7112263248784083,17.696356275303643,0.2432177754006169,0.0,18.650800375582666
Rajahmundry ,343903,84.28,53604,"17.0005383,81.8040345",0.0,1.1023903855984643,17.060728744939272,0.48267171273091214,0.0,18.64579084326865
Ranibennur ,106365,89.98,9747,"14.6113428,75.6382657",0.0,0.3409558897834002,18.21457489878543,0.08776586045795465,0.0,18.643296649026784
Pathankot ,148357,88.6,24038,"32.2643375,75.6421121",0.0,0.4755623836844441,17.935222672064775,0.21644770223538665,0.0,18.627232757984604
Deoria ,129570,88.81,25206,"26.4270039,83.804868",0.0,0.41534014609350023,17.977732793522268,0.22696483827877342,0.0,18.62003777789454
Burari ,145584,88.81,17914,"28.7535212,77.1948241",0.0,0.4666734570415693,17.977732793522268,0.16130477318598538,0.0,18.605711023749823
Port Blair ,100608,89.76,12420,"11.6233774,92.7264828",0.0,0.3225016702799635,18.17004048582996,0.11183461443395883,0.0,18.604376770543883
Baripada Town ,110058,89.31,17589,"21.9322338,86.7516942",0.0,0.35279390135647487,18.078947368421055,0.15837834406432383,0.0,18.590119613841853
Bhilwara ,360009,84.27,41788,"25.321377,74.586953",0.0,1.1540186050395533,17.058704453441294,0.3762757542645951,0.0,18.58899881274544
Kancheepuram ,164265,88.35,18625,"12.8341735,79.7036402",0.0,0.5265559087601206,17.884615384615383,0.16770689966445113,0.0,18.578878193039955
Baidyabati ,121081,89.08,17224,"22.795783,88.3190717",0.0,0.3881284265582087,18.032388663967613,0.15509173905076545,0.0,18.575608829576584
Korba ,363210,84.28,38726,"22.3594501,82.7500595",0.0,1.1642794972803907,17.060728744939272,0.3487042897398945,0.0,18.573712531959558
Erode ,156953,88.39,19615,"11.3410364,77.7171642",0.0,0.5031170946192263,17.89271255060729,0.17662125298889714,0.0,18.572450898215415
Dewas ,289438,85.83,29848,"22.9622672,76.0507949",0.0,0.9278013522035234,17.374493927125506,0.268763250533398,0.0,18.571058529862427
Bahadurgarh ,170426,88.04,22521,"28.6924464,76.9239727",0.0,0.5463051612111668,17.82186234817814,0.2027880315352002,0.0,18.570955540924505
Halisahar ,126893,89.25,10802,"22.9441261,88.4193259",0.0,0.4067589500520377,18.0668016194332,0.09726549960673295,0.0,18.570826069091968
Chitradurga ,139914,88.76,16857,"14.2305594,76.3984537",0.0,0.44849811839566256,17.96761133603239,0.15178712524261223,0.0,18.567896579670666
Bid ,146237,88.56,19030,"18.9890893,75.7600785",0.0,0.4687666662365918,17.927125506072876,0.17135368056990632,0.0,18.567245852879378
Baleshwar Town ,118202,88.79,23170,"21.4869337,86.9246005",0.0,0.3788997140429414,17.97368421052632,0.20863188538122593,0.0,18.561215809950486
Amreli ,105980,89.47,11305,"21.6031774,71.2220832",0.0,0.3397217618506534,18.111336032388664,0.10179471144733532,0.0,18.552852505686655
Godhra ,143126,88.72,12053,"22.7788044,73.6142795",0.0,0.45879427143457835,17.959514170040485,0.10853000062580562,0.0,18.526838442100868
Rishra ,124585,88.89,14585,"22.7244023,88.3287896",0.0,0.3993605935097533,17.993927125506072,0.13132913458287354,0.0,18.5246168535987
Nagapattinam ,102838,89.49,8469,"10.7656082,79.8423888",0.0,0.32964999570860065,18.115384615384617,0.07625824071185164,0.0,18.521292851805068
Rewari ,140864,88.25,22539,"28.1927631,76.6239423",0.0,0.4515433691388039,17.864372469635626,0.20295011068655378,0.0,18.518865949460984
Mango ,224002,86.62,28682,"22.834024,86.219577",0.0,0.718044481015947,17.534412955465587,0.258264123284606,0.0,18.51072155976614
Rajnandgaon ,163122,87.95,19640,"21.0971034,81.0302222",0.0,0.5228919912870568,17.803643724696357,0.17684636292133263,0.0,18.503382078904746
Sultanpur ,107914,88.63,20475,"26.2647757,82.0727061",0.0,0.34592125125826956,17.941295546558706,0.18436503466467852,0.0,18.471581832481654
Khandwa ,200681,86.98,24431,"21.8257334,76.352571",0.0,0.6432883835624738,17.607287449392715,0.21998643037327278,0.0,18.47056226332846
Maheshtala ,449423,82.63,33247,"22.511976,88.2509941",0.0,1.4406376049840177,16.726720647773277,0.2993691969473292,0.0,18.466727449704624
Deoghar ,203116,86.8,27126,"24.4763201,86.6913222",0.0,0.6510938420462098,17.57085020242915,0.2442532810898202,0.0,18.466197325565176
Basirhat ,127135,88.25,20037,"22.6574017,88.8671766",0.0,0.4075346876097643,17.864372469635626,0.18042110864840843,0.0,18.452328265893797
Kalyani ,100620,88.75,17457,"22.9750855,88.4345078",0.0,0.32254013660514,17.965587044534416,0.15718976362106435,0.0,18.445316944760624
Kalol ,112126,88.69,14208,"23.2463895,72.5086513",0.0,0.35942293139522896,17.95344129554656,0.12793447680174613,0.0,18.440798703743535
Kharagpur ,206923,86.64,24881,"22.34601,87.2319753",0.0,0.6632972837084615,17.53846153846154,0.22403840915711187,0.0,18.425797231327113
Bharuch ,168729,87.66,14059,"21.7051358,72.9958748",0.0,0.5408653817257868,17.74493927125506,0.12659282160443053,0.0,18.412397474585276
Raurkela Industrial Township ,210412,86.6,22887,"22.1993143,84.8620054",0.0,0.6744813677535354,17.530364372469634,0.20608364094605602,0.0,18.410929381169225
Ambikapur ,114575,88.2,20857,"23.1354921,83.1817856",0.0,0.36727326725833753,17.85425101214575,0.18780471443229302,0.0,18.40932899383638
Hosur ,116821,88.24,15530,"12.7409127,77.8252923",0.0,0.3744728811205433,17.86234817813765,0.13983829002893564,0.0,18.37665934928713
Hoshangabad ,117956,87.97,18980,"22.744108,77.736967",0.0,0.37811115437682274,17.80769230769231,0.1709034607050353,0.0,18.356706922774165
Yamunanagar ,216628,85.91,29803,"30.1290485,77.2673901",0.0,0.694406924194974,17.39068825910931,0.26835805265501406,0.0,18.3534532359593
Panipat ,294150,84.29,37873,"29.3909464,76.9635023",0.0,0.9429057958895046,17.062753036437247,0.3410235388451951,0.0,18.346682371171948
Raigarh ,137097,87.55,20161,"21.8974003,83.3949632",0.0,0.43946814856047395,17.722672064777328,0.18153765391328858,0.0,18.343677867251092
Bhuj ,147123,87.5,16457,"23.2419997,69.6669324",0.0,0.47160676324545836,17.71255060728745,0.14818536632364415,0.0,18.332342736856553
Osmanabad ,112085,88.15,14303,"18.2069636,76.1783739",0.0,0.3592915047842091,17.844129554655872,0.12878989454500106,0.0,18.332210953985083
Parbhani ,307191,84.34,30035,"19.2609958,76.776665",0.0,0.9847090747750902,17.072874493927127,0.27044707282801556,0.0,18.328030641530233
Ambala Sadar ,104268,87.97,20618,"30.3248708,76.8432663",0.0,0.33423389945880283,17.80769230769231,0.1856526634782096,0.0,18.32757887062932
Faizabad ,167544,86.52,30658,"26.7732476,82.1441643",0.0,0.5370668321146053,17.51417004048583,0.27605681234430834,0.0,18.327293684944742
Hardoi ,126890,87.15,29166,"27.2978965,80.1875065",0.0,0.4067493334707436,17.6417004048583,0.26262225157655744,0.0,18.311071989905603
Nalgonda ,135163,87.08,26575,"17.0575707,79.2620294",0.0,0.4332686591528577,17.62753036437247,0.23929185817894166,0.0,18.300090881704268
Vidisha ,155959,86.88,22023,"23.5251102,77.8081363",0.0,0.499930800683771,17.587044534412954,0.19830384168108495,0.0,18.28527917677781
Vellore ,185895,86.67,15592,"12.9165167,79.1324986",0.0,0.595891459890802,17.544534412955464,0.14039656266137568,0.0,18.28082243550764
Bankura ,138036,87.27,19082,"23.2324146,87.0786044",0.0,0.4424781385055368,17.66599190283401,0.17182190922937216,0.0,18.280291950568916
Hardwar ,225235,84.99,38835,"29.9456906,78.1642478",0.0,0.7219968959278346,17.204453441295545,0.34968576904531323,0.0,18.27613610626869
Bijapur ,326360,83.43,37265,"16.8301708,75.710031",0.0,1.0461558237174866,16.888663967611336,0.3355488652883636,0.0,18.270368656617187
Jalna ,285349,84.61,23959,"19.8296893,75.8800305",0.0,0.9146939518996234,17.12753036437247,0.21573635484889048,0.0,18.25796067112098
Nabadwip ,125528,87.75,10083,"23.4036446,88.3676393",0.0,0.40238340556320834,17.763157894736842,0.09079133794988783,0.0,18.25633263824994
Patan ,125502,87.56,13430,"23.8493246,72.1266255",0.0,0.4023000618586592,17.724696356275306,0.12092905570435322,0.0,18.24792547383832
Motihari ,125183,87.2,19550,"26.6469624,84.9088938",0.0,0.4012774987143833,17.65182186234818,0.1760359671645648,0.0,18.229135328227127
Dimapur ,123777,87.48,12902,"25.8629885,93.7536663",0.0,0.39677052761453413,17.708502024291498,0.11617473393131536,0.0,18.22144728583735
Mandsaur ,141468,86.79,18225,"24.076836,75.0692952",0.0,0.4534795075060222,17.568825910931174,0.16410514074548305,0.0,18.18641055918268
Muzaffarnagar ,392451,80.99,58965,"29.4726817,77.7085091",0.0,1.2580123151542817,16.39473684210526,0.5309442866423818,0.0,18.183693443901923
Damoh ,124979,87.1,16544,"23.8380986,79.4421731",0.0,0.40062357118638237,17.63157894736842,0.14896874888851971,0.0,18.181171267443325
Sambalpur ,183383,85.74,26095,"21.4668716,83.9811665",0.0,0.5878391758205168,17.356275303643724,0.23496974747618,0.0,18.179084226940418
Chittoor ,153766,86.37,21345,"13.2218054,79.1010442",0.0,0.49290107975776154,17.483805668016196,0.19219886031343406,0.0,18.16890560808739
Bhagalpur ,398138,81.16,49656,"25.3478004,86.9824288",0.0,1.2762421477608552,16.42914979757085,0.44712235220069724,0.0,18.152514297532402
Thanesar ,154962,85.73,32979,"29.9696148,76.8197522",0.0,0.4967348901670216,17.35425101214575,0.2969560184716206,0.0,18.147941920784394
Bally ,291972,83.39,36100,"22.6500518,88.3423199",0.0,0.9359241578699657,16.880566801619434,0.325058742436869,0.0,18.14154970192627
Bhadravati ,150776,86.6,12406,"13.8329901,75.7080727",0.0,0.48331655373461135,17.530364372469634,0.11170855287179494,0.0,18.12538947907604
Jamalpur ,105221,87.38,10638,"25.312717,86.4906091",0.0,0.3372887667832383,17.68825910931174,0.09578877844995604,0.0,18.121336654544937
Khora ,189410,86.0,10482,"28.753915,77.3999054",0.0,0.6071588876404251,17.408906882591094,0.09438409247155848,0.0,18.110449862703074
English Bazar ,216083,84.69,28983,"25.0108408,88.1410967",0.0,0.6926599119265402,17.143724696356276,0.26097444687112953,0.0,18.097359055153948
Bareilly ,898167,70.17,110691,"28.3670355,79.4304381",0.0,2.8790986570684636,14.204453441295549,0.9967057412487389,0.0,18.080257839612752
Porbandar ,152136,86.46,9853,"21.6417069,69.6292654",0.0,0.4876760705879506,17.502024291497975,0.08872032657148118,0.0,18.078420688657406
Bathinda ,285813,82.84,43428,"30.210994,74.9454745",0.0,0.9161813164731156,16.76923076923077,0.3910429658323642,0.0,18.07645505153625
Etah ,118632,86.43,21588,"27.5587505,78.662567",0.0,0.3802780906951001,17.49595141700405,0.19438692885670716,0.0,18.07061643655586
Nandurbar ,111067,86.99,11451,"21.7468548,74.123996",0.0,0.3560282781984008,17.60931174089069,0.10310935345275865,0.0,18.06844937254185
Banswara ,100128,86.98,13852,"23.5461394,74.4349761",0.0,0.32096301727290266,17.607287449392715,0.12472891136386455,0.0,18.05297937802948
Greater Noida ,107676,86.54,20791,"28.4743879,77.5039904",0.0,0.3451583358089352,17.518218623481783,0.18721042421066328,0.0,18.05058738350138
Palanpur ,127125,86.44,15127,"24.174051,72.4330989",0.0,0.4075026323387838,17.497975708502025,0.13620951791807528,0.0,18.041687858758884
Arrah ,261099,83.41,35354,"25.5560443,84.6603307",0.0,0.8369599197720679,16.884615384615383,0.3183414620529935,0.0,18.039916766440445
Aurangabad ,101520,86.89,13141,"24.7457189,84.3804888",0.0,0.32542511099337923,17.589068825910932,0.11832678488539877,0.0,18.032820721789708
Azamgarh ,110980,86.43,19911,"26.0737044,83.1859458",0.0,0.355749397340871,17.49595141700405,0.17928655458893353,0.0,18.030987368933857
Gadag-Betigeri ,172813,85.56,15926,"15.4324651,75.6380337",0.0,0.5539567543941967,17.31983805668016,0.14340403135871402,0.0,18.01719884243307
Ballia ,104271,86.62,16114,"25.7584381,84.1487319",0.0,0.33424351604009694,17.534412955465587,0.14509685805062902,0.0,18.013753329556312
Ambur ,113856,86.83,7813,"12.7903613,78.7166084",0.0,0.3649684932748442,17.576923076923077,0.07035135608474398,0.0,18.012242926282664
Barshi ,118573,86.47,13351,"18.2333856,75.6941478",0.0,0.3800889645963156,17.504048582995953,0.12021770831785702,0.0,18.004355255910124
Surendranagar Dudhrej ,177827,85.34,17558,"22.7201319,71.649536",0.0,0.5700292672637869,17.275303643724698,0.15809920774810376,0.0,18.00343211873659
Bhadreswar ,101334,86.89,9225,"22.8275529,88.3456516",0.0,0.32482888295314316,17.589068825910932,0.0830655650687013,0.0,17.996963273932774
Beawar ,145809,85.96,13767,"26.1007337,74.3190747",0.0,0.46739470063862915,17.40080971659919,0.12396353759358382,0.0,17.992167954831405
Moradabad ,889810,70.65,91999,"28.8386481,78.7733286",0.0,2.8523100671101136,14.301619433198383,0.8283955469653604,0.0,17.982325047273857
Rajapalayam ,130119,86.25,11024,"9.4653377,77.5275463",0.0,0.4170999804703262,17.459514170040485,0.09926447580676023,0.0,17.97587862631757
Karawal Nagar ,224666,84.57,14478,"28.7283102,77.276926",0.0,0.7201729510090478,17.119433198380566,0.13036566407204958,0.0,17.96997181346166
Bhiwani ,197662,84.39,28123,"28.7751693,75.9927652",0.0,0.6336108972534804,17.082995951417004,0.25323066519534815,0.0,17.969837513865834
Batala ,156400,85.49,16436,"31.8183238,75.2070644",0.0,0.5013444381340082,17.305668016194332,0.14799627398039833,0.0,17.955008728308737
Etawah ,256790,82.89,38404,"26.8458148,79.1096901",0.0,0.8231473035065983,16.779352226720647,0.3458048738101252,0.0,17.94830440403737
Mainpuri ,117327,85.95,18745,"27.2177405,79.1096901",0.0,0.3760948778321533,17.398785425101217,0.16878742734014157,0.0,17.94366773027351
Neemuch ,128108,85.86,16428,"24.4763852,74.8624092",0.0,0.4106536654761606,17.380566801619434,0.14792423880201896,0.0,17.939144705897615
Mahbubnagar ,157902,84.77,30286,"16.7375089,78.0081221",0.0,0.5061591398352696,17.15991902834008,0.27270717654966803,0.0,17.93878534472502
Jagadhri ,124915,85.79,18738,"30.1680858,77.2969204",0.0,0.4004184174521076,17.366396761133604,0.1687243965590596,0.0,17.935539575144773
Aligarh ,872575,70.36,99341,"27.8973944,78.0880129",0.0,2.797062807575333,14.242914979757087,0.8945058319230197,0.0,17.934483619255438
Bagalkot ,112068,86.15,14090,"16.1725355,75.6557206",0.0,0.35923701082354237,17.43927125506073,0.12687195792065054,0.0,17.925380223804922
Gandhidham ,248705,83.34,24431,"23.075297,70.133673",0.0,0.7972306169189163,16.870445344129557,0.21998643037327278,0.0,17.887662391421745
Ganganagar ,224773,83.22,34347,"29.9038399,73.8771901",0.0,0.7205159424085384,16.846153846153847,0.30927403397449144,0.0,17.87594382253688
Kakinada ,312255,81.23,47823,"16.9890648,82.2474648",0.0,1.0009418639995826,16.44331983805668,0.43061729195452597,0.0,17.87487899401079
Morvi ,188278,84.59,15195,"22.8119895,70.8236195",0.0,0.6035302309654399,17.12348178137652,0.13682181693429987,0.0,17.86383382927626
Bhind ,197332,84.2,20470,"26.4450034,78.7476208",0.0,0.632553073311126,17.044534412955468,0.18432001267819137,0.0,17.861407498944786
Giridih ,114447,85.75,15112,"24.2841482,86.0937312",0.0,0.36686295978978795,17.358299595141702,0.136074451958614,0.0,17.861237006890104
Ongole ,202826,83.57,32491,"15.5057232,80.049922",0.0,0.6501642391877771,16.917004048582996,0.29256187259047955,0.0,17.859730160361252
Jagdalpur ,125345,85.44,16223,"19.0740973,82.008014",0.0,0.40179679410426633,17.29554655870445,0.14607833735604783,0.0,17.843421690164767
Srikakulam ,126003,85.13,21745,"18.4285005,84.0167423",0.0,0.40390603093477895,17.232793522267208,0.19580061923240213,0.0,17.832500172434386
Hastsal ,177033,84.68,12901,"28.6377129,77.0490264",0.0,0.5674840787479404,17.1417004048583,0.11616572953401794,0.0,17.82535021314026
Ghazipur ,110698,85.46,18840,"25.5840419,83.5770202",0.0,0.35484543869922275,17.299595141700404,0.16964284508339647,0.0,17.82408342548302
Chas ,141618,85.12,15277,"23.6388375,86.1700894",0.0,0.4539603365707287,17.230769230769234,0.13756017751268831,0.0,17.82228974485265
Mandya ,137735,85.11,16203,"12.5221567,76.9009191",0.0,0.4415132748490257,17.228744939271255,0.1458982494100994,0.0,17.81615646353038
Basti ,114651,85.29,20183,"26.8176796,82.7633133",0.0,0.36751688731778887,17.26518218623482,0.1817357506538318,0.0,17.81443482420644
Hisar ,301249,81.04,49148,"29.1491875,75.7216527",0.0,0.9656618327585155,16.404858299595144,0.44254811837360775,0.0,17.81306825072727
Anantapur ,262340,81.88,43700,"14.6818877,77.6005911",0.0,0.8409379789007398,16.574898785425102,0.39349216189726255,0.0,17.809328926223106
Gondal ,112064,85.73,10557,"21.9619463,70.792297",0.0,0.35922418871515027,17.35425101214575,0.095059422268865,0.0,17.808534623129763
Lakhimpur ,152010,84.39,25967,"27.9490794,80.7824012",0.0,0.48727217417359703,17.082995951417004,0.2338171846221102,0.0,17.804085310212713
Gokal Pur ,121938,85.24,15993,"28.703423,77.2840105",0.0,0.3908755632812321,17.25506072874494,0.14400732597764118,0.0,17.78994361800381
Udgir ,104063,85.78,9924,"18.3942882,77.1126009",0.0,0.33357676640370393,17.364372469635626,0.08935963877959802,0.0,17.787308874818926
Sehore ,108818,85.52,13887,"23.205012,77.0850781",0.0,0.3488190477549009,17.31174089068826,0.12504406526927425,0.0,17.785604003712436
Unnao ,178681,83.72,27220,"26.5393449,80.4878195",0.0,0.5727667874055161,16.94736842105263,0.24509969443577773,0.0,17.765234902893923
Bansberia ,103799,85.73,8566,"22.951904,88.4070629",0.0,0.33273050724982045,17.35425101214575,0.07713166724970139,0.0,17.76411318664527
Chhattarpur ,133626,84.57,20807,"24.728683,79.560344",0.0,0.4283417640031648,17.119433198380566,0.187354494567422,0.0,17.735129456951153
Bharatpur ,252109,82.13,33411,"27.216981,77.489515",0.0,0.8081422311606565,16.625506072874494,0.30084591810410616,0.0,17.734494222139254
Orai ,187185,83.31,29393,"26.00864,79.4478858",0.0,0.6000265898472783,16.86437246963563,0.2646662497630718,0.0,17.72906530924598
Kurnool ,424920,78.15,60589,"15.8281257,78.0372792",0.0,1.3620925745006571,15.819838056680165,0.5455674278533922,0.0,17.727498059034215
Chittaurgarh ,116409,84.96,16833,"24.8887435,74.6269216",0.0,0.37315220395614934,17.198380566801617,0.15157101970747414,0.0,17.72310379046524
Rae Bareli ,191056,82.97,34959,"26.2345298,81.2408689",0.0,0.6124351852438048,16.79554655870445,0.31478472512051264,0.0,17.72276646906877
Siwan ,134458,84.65,14545,"26.2196205,84.3566593",0.0,0.431008762548737,17.135627530364374,0.13096895869097674,0.0,17.697605251604088
Buxar ,102591,85.16,12464,"25.4987785,84.1435136",0.0,0.3288582305153839,17.238866396761136,0.11223080791504532,0.0,17.679955435191562
Darbhanga ,294116,80.88,38605,"26.111868,85.896004",0.0,0.942796807968171,16.372469635627528,0.34761475766690664,0.0,17.662881201262607
Jind ,166225,83.63,21508,"29.3211153,76.3058328",0.0,0.5328387418722859,16.92914979757085,0.19366657707291357,0.0,17.65565511651605
Nangloi Jat ,205497,83.4,12692,"28.6841206,77.0632942",0.0,0.6587262020666513,16.88259109311741,0.11428381049885711,0.0,17.65560110568292
Khanna ,128130,84.43,16767,"30.697852,76.2112286",0.0,0.4107241870723176,17.09109311740891,0.15097672948584442,0.0,17.652794033967073
Suryapet ,105250,84.88,14203,"17.1353148,79.6333674",0.0,0.3373817270690816,17.182186234817813,0.12788945481525904,0.0,17.647457416702157
Sitapur ,177351,83.11,28003,"27.5325072,80.8986502",0.0,0.5685034363651182,16.823886639676115,0.2521501375196577,0.0,17.64454021356089
Deoli ,169410,83.85,13046,"28.4962152,77.2376414",0.0,0.5430483456795545,16.973684210526315,0.11747136714214387,0.0,17.634203923348014
Adityapur ,173988,83.46,19225,"22.7834741,86.1576889",0.0,0.5577232487343977,16.894736842105264,0.17310953804290324,0.0,17.625569628882566
Sirsa ,183282,83.03,24453,"29.5335931,75.0177029",0.0,0.5875154175836144,16.807692307692307,0.22018452711381603,0.0,17.615392252389736
Machilipatnam ,170008,83.32,19872,"16.1905457,81.1361543",0.0,0.5449652508841846,16.8663967611336,0.17893538309433413,0.0,17.59029739511212
Lalitpur ,133041,83.96,17013,"24.6878597,78.4120206",0.0,0.4264665306508093,16.995951417004047,0.15319181122100978,0.0,17.575609758875867
Vizianagaram ,227533,81.85,30656,"18.1066576,83.3955506",0.0,0.7293631971991387,16.568825910931174,0.2760388035497135,0.0,17.574227911680026
Banda ,154388,83.3,24015,"25.4796224,80.3380213",0.0,0.49489491761274457,16.86234817813765,0.21624060109754598,0.0,17.57348369684794
Nizamabad ,310467,80.31,34574,"18.6725047,78.0940867",0.0,0.9952103815482809,16.257085020242915,0.31131803216100584,0.0,17.5636134339522
Kolar ,138553,84.02,11508,"13.1357446,78.1325611",0.0,0.4441353960152253,17.008097165991902,0.10362260409871162,0.0,17.55585516610584
Kadapa ,341823,79.38,41997,"14.4673541,78.8241339",0.0,1.0957228892345336,16.068825910931174,0.37815767329975597,0.0,17.542706473465465
Bhimavaram ,142280,83.41,18298,"16.544893,81.521241",0.0,0.45608239550963353,16.884615384615383,0.16476246174819476,0.0,17.50546024187321
Bellary ,409644,78.26,36855,"15.1393932,76.9214428",0.0,1.313124942550944,15.842105263157896,0.33185706239642127,0.0,17.48708726810526
Tenali ,164649,82.63,22433,"16.2395313,80.6493396",0.0,0.5277868311657693,16.726720647773277,0.20199564457302724,0.0,17.456503123512075
Kashipur ,121610,83.4,20036,"29.2104232,78.9618845",0.0,0.3898241503930738,16.88259109311741,0.18041210425111104,0.0,17.452827347761595
Dehri ,137068,83.38,14780,"24.9277351,84.1909841",0.0,0.4393751882746306,16.878542510121456,0.1330849920558705,0.0,17.451002690451958
Jetpur Navagadh ,118550,83.86,8846,"21.7615246,70.6276279",0.0,0.38001523747306054,16.97570850202429,0.07965289849297905,0.0,17.43537663799033
Munger ,213101,81.83,19988,"25.3747561,86.4735251",0.0,0.6831010301201744,16.56477732793522,0.17997989318083485,0.0,17.42785825123623
Khammam ,184252,81.7,29400,"17.2472528,80.1514447",0.0,0.5906247788687167,16.53846153846154,0.26472928054415373,0.0,17.393815597874408
Jaunpur ,168128,82.11,24871,"25.7490034,82.6987002",0.0,0.5389388599398627,16.621457489878544,0.2239483651841377,0.0,17.384344715002545
Haldwani-cum-Kathgodam ,156060,81.75,34329,"29.2182644,79.5129767",0.0,0.5002545589206734,16.548582995951417,0.3091119548231379,0.0,17.357949509695228
Burhanpur ,210891,81.7,15203,"21.3193875,76.2224273",0.0,0.6760168152334982,16.53846153846154,0.13689385211267924,0.0,17.351372205807717
Guna ,180978,81.71,22104,"24.6348197,77.2979782",0.0,0.5801298831497221,16.54048582995951,0.199033197862176,0.0,17.31964891097141
Chapra ,201597,81.3,22852,"25.7795649,84.7498886",0.0,0.6462246463842816,16.45748987854251,0.20576848704064632,0.0,17.30948301196744
Sasaram ,147396,82.31,18844,"24.949036,84.0314295",0.0,0.47248187214322424,16.66194331983806,0.16967886267258617,0.0,17.30410405465387
Botad ,130302,83.21,4578,"22.1704232,71.6684269",0.0,0.41768659192926816,16.84412955465587,0.04122213082758965,0.0,17.303038277412725
Bundi ,102823,83.15,13148,"25.4305144,75.6499025",0.0,0.3296019128021299,16.831983805668017,0.11838981566648073,0.0,17.27997553413663
Raiganj ,183682,81.66,16788,"25.6185295,88.1255837",0.0,0.5887976284228318,16.530364372469634,0.15116582182909022,0.0,17.270327822721555
Moga ,150432,82.09,17762,"30.8164603,75.1717093",0.0,0.4822138524128844,16.61740890688259,0.1599361047967775,0.0,17.259558864092252
Tadepalligudem ,103577,83.1,11527,"16.8138415,81.521241",0.0,0.3320188802340548,16.821862348178136,0.10379368764736259,0.0,17.257674916059553
Bettiah ,132896,82.54,13438,"26.8028048,84.5169757",0.0,0.4260017292215931,16.7085020242915,0.12100109088273259,0.0,17.255504844395826
Khargone ,106452,82.96,12584,"21.90287,75.8069082",0.0,0.34123477064092994,16.793522267206477,0.11331133559073574,0.0,17.248068373438144
Uluberia ,222175,81.13,11384,"22.4744363,88.1000377",0.0,0.7121879830078214,16.423076923076923,0.10250605883383151,0.0,17.237770964918578
Dallo Pura ,154955,81.92,17134,"28.6004677,77.319462",0.0,0.4967124514773353,16.582995951417004,0.15428134329399762,0.0,17.23398974618834
Mughalsarai ,110110,82.83,11758,"25.2814947,83.1198203",0.0,0.3529605887655732,16.767206477732795,0.10587370342306666,0.0,17.226040769921436
Pithampur ,126099,82.73,5150,"22.613252,75.6822899",0.0,0.4042137615361912,16.746963562753038,0.04637264608171401,0.0,17.197549970370943
Puruliya ,121436,82.34,14793,"23.3320779,86.365208",0.0,0.3892663886780142,16.668016194331983,0.13320204922073695,0.0,17.190484632230735
Tiruvannamalai ,144683,81.64,16502,"12.2252841,79.0746957",0.0,0.46378527712623213,16.526315789473685,0.14859056420202804,0.0,17.138691630801944
Gudivada ,118289,82.16,12523,"16.4410255,80.9926327",0.0,0.3791785949004712,16.63157894736842,0.1127620673555931,0.0,17.123519609624484
Katihar ,225982,79.87,24259,"25.552048,87.5718609",0.0,0.7243914246700731,16.168016194331983,0.2184376740381165,0.0,17.110845293040175
Morena ,200506,80.38,21351,"26.4933562,77.9909949",0.0,0.6427274163203162,16.271255060728745,0.19225288669721857,0.0,17.10623536374628
Champdani ,110983,82.39,7167,"22.8049456,88.3409338",0.0,0.35575901392216513,16.678137651821864,0.06453451543061055,0.0,17.09843118117464
Begusarai ,251136,79.35,24616,"25.416675,86.1293792",0.0,0.8050232532942602,16.062753036437247,0.22165224387329552,0.0,17.089428533604803
Miryalaguda ,103855,82.09,13377,"16.8753106,79.5659633",0.0,0.3329100167673109,16.61740890688259,0.12045182264758995,0.0,17.07077074629749
Madanapalle ,135669,81.4,16385,"13.5603491,78.5036065",0.0,0.43489065586446773,16.477732793522268,0.1475370497182299,0.0,17.060160499104967
Shamli ,107233,81.97,13343,"29.4507575,77.3152116",0.0,0.3437382873045019,16.593117408906885,0.12014567313947766,0.0,17.057001369350864
Mathura ,349336,76.75,44357,"27.4924134,77.673673",0.0,1.119806014322135,15.536437246963564,0.39940805092166753,0.0,17.055651312207367
Kirari Suleman Nagar ,282598,79.22,10621,"28.6967948,77.0643614",0.0,0.9058755468529056,16.036437246963562,0.0956357036958999,0.0,17.037948497512367
Santipur ,151774,81.43,7213,"23.2645399,88.4380966",0.0,0.48651566977845884,16.483805668016196,0.06494871770629186,0.0,17.035270055500945
Hospet ,206159,80.02,17556,"15.2688542,76.3909241",0.0,0.6608482610055562,16.19838056680162,0.15808119895350892,0.0,17.017310026760683
Shikohabad ,107300,81.68,15351,"27.1061756,78.5881674",0.0,0.34395305762007083,16.53441295546559,0.13822650291269742,0.0,17.016592515998358
Loni ,512296,75.24,15572,"28.7316438,77.3008506",0.0,1.6421787102193086,15.23076923076923,0.14021647471542728,0.0,17.013164415703965
Bulandshahr ,222826,78.98,32546,"28.406963,77.8498292",0.0,0.7142747811486477,15.987854251012148,0.2930571144418377,0.0,16.995186146602634
Maunath Bhanjan ,279060,78.6,20775,"25.9496379,83.5586445",0.0,0.8945343919800276,15.910931174089068,0.18706635385390455,0.0,16.992531919923
Kaithal ,144633,80.76,18095,"29.7856734,76.3984537",0.0,0.46362500077132995,16.34817813765182,0.16293456909681842,0.0,16.97473770751997
Palwal ,127931,81.0,15837,"28.1487362,77.3320262",0.0,0.41008628717980694,16.39676113360324,0.14260263999924364,0.0,16.94945006078229
Gonda ,114353,81.07,17212,"27.1339913,81.9618968",0.0,0.3665616402425719,16.410931174089068,0.1549836862831964,0.0,16.932476500614836
Nagda ,100036,81.61,9844,"23.4454599,75.4169918",0.0,0.3206681087798826,16.520242914979757,0.08863928699580441,0.0,16.929550310755445
Baran ,118157,81.19,11553,"25.1011438,76.5131637",0.0,0.37875546532352944,16.43522267206478,0.10402780197709552,0.0,16.918005939365404
Sawai Madhopur ,120998,80.85,13480,"26.0377772,76.3521514",0.0,0.38786236780907113,16.366396761133604,0.12137927556922423,0.0,16.8756384045119
Titagarh ,118426,81.18,5643,"22.7382665,88.3737064",0.0,0.37961775211290316,16.433198380566804,0.05081181394934216,0.0,16.863627946629048
Kishangarh ,155019,80.15,13054,"26.5870344,74.856397",0.0,0.49691760521161005,16.224696356275306,0.11754340232052322,0.0,16.83915736380744
Bhadrak ,107369,80.88,13311,"21.0582737,86.4958396",0.0,0.34417423898983585,16.372469635627528,0.11985753242596021,0.0,16.836501407043325
Mirzapur-cum-Vindhyachal ,233691,78.25,25846,"25.1336987,82.5644344",0.0,0.7491028330688907,15.84008097165992,0.23272765254912237,0.0,16.82191145727793
Shivpuri ,179972,79.24,22320,"25.4357869,77.665066",0.0,0.5769051228890902,16.040485829959515,0.20097814767841876,0.0,16.818369100527025
Pali ,229956,78.67,16234,"25.7710893,73.3234478",0.0,0.7371301893576981,15.9251012145749,0.14617738572631944,0.0,16.808408789658916
Sultan Pur Majra ,181624,79.78,7390,"28.6958531,77.0805496",0.0,0.5822006536550582,16.149797570850204,0.06654249602793524,0.0,16.798540720533197
Mandoli ,120345,80.72,7274,"28.7041396,77.313921",0.0,0.3857691586140487,16.34008097165992,0.0654979859414345,0.0,16.791348116215403
Abohar ,145238,79.86,16287,"30.1452928,74.1993043",0.0,0.4655643446656463,16.16599190283401,0.14665461878308272,0.0,16.778210866282738
Adilabad ,117388,80.51,10565,"19.0809075,79.560344",0.0,0.376290414985134,16.29757085020243,0.09513145744724436,0.0,16.76899272263481
Bhiwadi ,104883,80.67,10135,"28.2088218,76.8445999",0.0,0.3362052986240996,16.329959514170042,0.09125956660935368,0.0,16.757424379403496
Datia ,100466,80.54,12717,"25.6653262,78.4609393",0.0,0.3220464854320414,16.303643724696357,0.11450892043129263,0.0,16.740199130559688
Deesa ,111149,80.67,5933,"24.2585031,72.1906721",0.0,0.3562911314204404,16.329959514170042,0.05342308916559402,0.0,16.739673734756078
Kulti ,313977,76.58,19371,"23.7370306,86.8370937",0.0,1.0064617816624135,15.502024291497975,0.1744241800483266,0.0,16.682910253208714
Hajipur ,147126,79.26,16319,"25.6858392,85.2145907",0.0,0.4716163798267525,16.044534412955468,0.14694275949660018,0.0,16.66309355227882
Dinapur Nizamat ,182241,78.4,19777,"25.6328264,85.0597137",0.0,0.5841784638745511,15.870445344129555,0.1780799653510792,0.0,16.632703773355185
Firozpur ,110091,79.75,14939,"30.9331348,74.6224755",0.0,0.35289968375071035,16.143724696356276,0.1345166912261603,0.0,16.631141071333147
Raichur ,232456,77.47,22445,"16.2120031,77.3439283",0.0,0.7451440071028069,15.682186234817815,0.20210369734059627,0.0,16.62943393926122
Gangapur City ,119045,79.78,9850,"26.4846537,76.7278803",0.0,0.38160197338659213,16.149797570850204,0.08869331337958893,0.0,16.620092857616385
Hathras ,137509,79.06,18612,"27.6056212,78.0537813",0.0,0.4407888257248679,16.004048582995953,0.1675898424995847,0.0,16.612427251220407
Barnala ,116454,79.59,12665,"30.3819446,75.5467979",0.0,0.37329645267556133,16.111336032388664,0.11404069177182677,0.0,16.59867317683605
Kanpur City,108035,79.65,12635,"26.449923,80.3318736",0.0,0.34630912003713277,16.12348178137652,0.11377055985290416,0.0,16.583561461266555
Narasaraopet ,116329,79.45,13872,"16.2353506,80.0479039",0.0,0.37289576178830586,16.082995951417004,0.12490899930981295,0.0,16.580800712515124
Fatehpur ,193801,77.69,25076,"25.8499808,80.8986502",0.0,0.6212343571279343,15.72672064777328,0.22579426663010882,0.0,16.573749271531327
Sikar ,237579,77.13,20786,"27.6094,75.139911",0.0,0.761565922426084,15.61336032388664,0.18716540222417619,0.0,16.562091648536903
Jehanabad ,102456,79.66,8901,"25.1515827,84.981754",0.0,0.32842548435714797,16.125506072874494,0.08014814034433715,0.0,16.53407969757598
Singrauli ,220295,77.35,18047,"24.1992101,82.6645469",0.0,0.7061615920634996,15.657894736842104,0.16250235802654225,0.0,16.526558686932148
Proddatur ,162816,78.08,18151,"14.7491864,78.5531577",0.0,0.5219110999950555,15.805668016194332,0.16343881534547397,0.0,16.49101793153486
Hanumangarh ,151104,78.32,16870,"29.5815012,74.3294199",0.0,0.48436796662276965,15.854251012145749,0.1519041824074787,0.0,16.490523161175997
Firozabad ,603797,70.08,36145,"27.1591006,78.3957574",0.0,1.9354876452173897,14.186234817813766,0.32546394031525294,0.0,16.447186403346407
Anantnag ,108505,78.95,12666,"33.7311255,75.1487007",0.0,0.3478157177732133,15.98178137651822,0.11404969616912419,0.0,16.44364679046056
Nandyal ,200746,76.89,22411,"15.4785694,78.4830934",0.0,0.6434967428238465,15.564777327935225,0.201797547832484,0.0,16.410071618591555
Raniganj ,128624,78.47,9719,"23.6290575,87.0923906",0.0,0.4123077174587511,15.884615384615387,0.08751373733362688,0.0,16.384436839407766
Saharsa ,155175,77.66,18307,"25.8834961,86.6006249",0.0,0.4974176674389048,15.720647773279353,0.16484350132387152,0.0,16.382908942042132
Veraval ,153696,78.0,10089,"20.9158979,70.3628516",0.0,0.49267669286089844,15.789473684210527,0.09084536433367235,0.0,16.372995741405095
Hapur ,262801,75.34,28472,"28.7305798,77.7758825",0.0,0.8424157268929379,15.251012145748991,0.2563731998521478,0.0,16.349801072494078
Kasganj ,101241,78.56,13306,"27.8129344,78.649785",0.0,0.32453076893302507,15.902834008097166,0.11981251043947311,0.0,16.347177287469666
Biharsharif ,296889,74.8,28092,"25.1982147,85.5148735",0.0,0.9516857346110458,15.1417004048583,0.2529515288791281,0.0,16.346337668348472
Farrukhabad-cum-Fatehgarh ,275754,74.92,31160,"27.3826126,79.5940544",0.0,0.8839369193938957,15.165991902834008,0.2805770197876133,0.0,16.33050584201552
Bhalswa Jahangir Pur ,197150,76.94,8348,"28.757322,77.1544",0.0,0.6319696673792821,15.574898785425102,0.0751687086388638,0.0,16.282037161443245
Ramagundam ,229632,75.54,27209,"18.7595503,79.4816378",0.0,0.736091598577932,15.291497975708504,0.2450006460655061,0.0,16.27259022035194
Purnia ,280547,74.48,28193,"25.7771391,87.4752551",0.0,0.8993010107748184,15.076923076923078,0.25386097300616756,0.0,16.230085060704063
Baraut ,102733,77.98,12672,"29.0998902,77.2606149",0.0,0.329313415363306,15.785425101214576,0.11410372255290872,0.0,16.228842239130792
Muktsar ,117085,77.31,11785,"30.4766391,74.511172",0.0,0.3753191402744268,15.649797570850204,0.106116822150097,0.0,16.131233533274727
Hindupur ,151835,76.4,11050,"13.8185378,77.4988753",0.0,0.48671120693143943,15.465587044534415,0.09949859013649316,0.0,16.051796841602346
Akbarpur ,111594,76.94,9745,"26.4407468,82.5537514",0.0,0.35771759097906974,15.574898785425102,0.0877478516633598,0.0,16.020364228067532
Dhaulpur ,126142,76.56,11782,"26.7025181,77.893391",0.0,0.40435159920140706,15.497975708502025,0.10608980895820475,0.0,16.008417116661636
Bahraich ,186241,75.03,20490,"27.7525271,81.4278984",0.0,0.5970005722667251,15.18825910931174,0.1845001006241398,0.0,15.969759782202607
Hindaun ,105690,76.58,7964,"26.7454967,77.0330481",0.0,0.33879215899222076,15.502024291497975,0.07171102007665443,0.0,15.912527470566848
Eluru ,214414,74.13,23523,"16.7106604,81.0952431",0.0,0.6873098871999056,15.006072874493928,0.21181043762721524,0.0,15.90519319932105
Gangawati ,105354,76.58,6927,"15.431874,76.5314817",0.0,0.3377151018872781,15.502024291497975,0.06237346007922969,0.0,15.902112853464482
Mustafabad ,127012,76.1,4462,"28.7113968,77.2681086",0.0,0.4071404077767049,15.40485829959514,0.04017762074108891,0.0,15.852176328112934
Guntakal ,126479,75.7,11626,"15.1674091,77.3736238",0.0,0.4054318618334477,15.323886639676115,0.1046851229798072,0.0,15.83400362448937
Churu ,119846,75.11,8756,"28.3174965,74.9851678",0.0,0.38416960059212496,15.204453441295547,0.07884250273621123,0.0,15.667465544623884
Pilibhit ,130428,74.26,17508,"28.6207939,79.8128649",0.0,0.41809048834362156,15.032388663967613,0.15764898788323278,0.0,15.608128140194466
Kishanganj ,107076,74.71,7847,"26.0917422,87.9383822",0.0,0.3432350195501091,15.123481781376517,0.07065750559285627,0.0,15.537374306519483
Jhunjhunun ,118966,74.4,10403,"28.1288747,75.3995089",0.0,0.3813487367458467,15.060728744939274,0.09367274508506229,0.0,15.535750226770183
Sujangarh ,101528,74.55,5284,"27.7044756,74.4642861",0.0,0.32545075521016353,15.091093117408906,0.04757923531956831,0.0,15.464123107938638
Budaun ,159221,73.0,19204,"28.0337088,79.1205419",0.0,0.510387230077589,14.777327935222672,0.17292044569965745,0.0,15.460635610999919
Rudrapur ,140884,73.21,14678,"28.9875082,79.4141214",0.0,0.45160747968076476,14.819838056680162,0.13216654353153362,0.0,15.403612079892461
Dabgram ,118464,73.98,2532,"26.6954603,88.4415998",0.0,0.37973956214262883,14.975708502024291,0.022799133957067935,0.0,15.378247198123988
Jamuria ,144971,73.11,5436,"23.7060688,87.0774107",0.0,0.4647084689304687,14.799595141700406,0.04894790370877618,0.0,15.313251514339651
Shahjahanpur ,327975,68.92,33510,"27.8295801,79.8296743",0.0,1.051332749980827,13.951417004048583,0.3017373534365507,0.0,15.30448710746596
Chandausi ,114254,72.63,15436,"28.4480507,78.7796105",0.0,0.36624429305986556,14.70242914979757,0.13899187668297813,0.0,15.207665319540414
Nagaur ,100618,73.05,7812,"27.1991222,73.740924",0.0,0.32253372555094395,14.787449392712551,0.07034235168744656,0.0,15.180325469950942
Tadpatri ,108249,72.17,8618,"14.9070274,78.0092703",0.0,0.3469951028361141,14.60931174089069,0.07759989590916724,0.0,15.03390673963597
Chilakaluripet ,101550,72.08,9526,"16.0924301,80.1623948",0.0,0.3255212768063205,14.591093117408906,0.08577588865522477,0.0,15.00239028287045
Dharmavaram ,121992,71.83,7560,"14.4137447,77.7126189",0.0,0.39104866174452635,14.540485829959515,0.06807324356849667,0.0,14.999607735272539
Malerkotla ,135330,70.25,9767,"30.5232076,75.8882508",0.0,0.433803982178231,14.220647773279353,0.08794594840390305,0.0,14.742397703861487
Tonk ,165363,69.47,11776,"26.1620402,75.7894716",0.0,0.5300755775137723,14.062753036437247,0.10603578257442021,0.0,14.698864396525439
Adoni ,166537,68.38,11902,"15.6322227,77.2728368",0.0,0.5338388663268755,13.842105263157894,0.10717033663389516,0.0,14.483114466118666
Khurja ,111089,67.63,10529,"28.2513538,77.8538797",0.0,0.3560987997945578,13.690283400809715,0.09480729914453723,0.0,14.14118949974881
Amroha ,197135,63.88,13879,"28.9043537,78.4673426",0.0,0.6319215844728114,12.931174089068826,0.1249720300908949,0.0,13.688067703632532
Rampur ,325248,60.74,30319,"25.4842209,82.5916032",0.0,1.0425912775844624,12.295546558704453,0.2730043216604829,0.0,13.611142157949399
Bagaha ,113012,60.67,3744,"27.1221959,84.0722375",0.0,0.3622630284040955,12.281376518218625,0.03371246348154121,0.0,12.677352010104261
Sambhal ,221334,49.51,10580,"28.5903614,78.5717631",0.0,0.7094921347183668,10.022267206477732,0.09526652340670566,0.0,10.827025864602804
